CitizenID,FirstName,MiddleName,LastName,Gender,BirthDate,MaritalStatus,Nationality,Religion,ContactNumber,EmailAddress,HouseNumber,Street,PurokZone
1000,Scott,Griffin,Robinson,Male,1986-05-21,Single,Filipino,Christian,+632773968198,scott.robinson@example.com,475,Bakakeng Road,Purok 7
1001,James,White,Farmer,Male,1929-08-06,Single,Filipino,Christian,+639191590024,james.farmer@example.com,158,Gibraltar Road,Purok 8
1002,Linda,Snyder,Woods,Female,2002-04-19,Single,Filipino,Catholic,+634107478038,linda.woods@example.com,459,Bakakeng Road,Purok 6
1003,Kathryn,Alexander,Tran,Female,1960-06-29,Single,Filipino,Christian,+639501054731,kathryn.tran@example.com,141,Fr. Carlo Loop,Purok 8
1004,Julie,Rowe,Lopez,Female,1978-06-16,Widowed,Filipino,Catholic,+633846053181,julie.lopez@example.com,217,Green Valley Street,Purok 1
1005,Gregory,Williams,Flores,Male,1979-07-18,Married,Filipino,Christian,+638956930768,gregory.flores@example.com,58,Bakakeng North Drive,Purok 2
1006,Mark,Richardson,Williamson,Male,2015-07-15,Married,Filipino,Catholic,+639835529655,mark.williamson@example.com,85,Mulawin Street,Purok 2
1007,Lindsay,Santiago,Tucker,Female,1934-06-22,Single,Filipino,Christian,+637544320418,lindsay.tucker@example.com,124,Angelo Salinas Street,Purok 7
1008,Regina,Parsons,Harper,Female,2005-08-27,Married,Filipino,Christian,+635246230798,regina.harper@example.com,82,Tuba Road,Purok 10
1009,Cody,Wright,Hamilton,Male,1998-11-27,Married,Filipino,Catholic,+635139891210,cody.hamilton@example.com,417,Camp 7 Road,Purok 5
1010,Stacey,Patel,Small,Female,1980-09-15,Married,Filipino,Catholic,+631488111510,stacey.small@example.com,254,Gibraltar Road,Purok 3
1011,Austin,Cortez,Novak,Male,2020-06-08,Single,Filipino,Catholic,+634483642045,austin.novak@example.com,391,Bakakeng North Drive,Purok 10
1012,Joseph,Griffin,Lane,Male,1948-05-20,Married,Filipino,Christian,+630999356482,joseph.lane@example.com,228,Bakakeng Central Road,Purok 6
1013,James,Turner,Jones,Male,2020-04-26,Married,Filipino,Christian,+633807043176,james.jones@example.com,171,Bakakeng Road,Purok 7
1014,Joseph,Weaver,Lewis,Male,2009-05-24,Married,Filipino,Catholic,+632519456294,joseph.lewis@example.com,364,Gibraltar Road,Purok 8
1015,Gary,Martin,Walker,Male,2003-07-15,Single,Filipino,Christian,+634953267197,gary.walker@example.com,241,Green Valley Street,Purok 7
1016,Jeffrey,Hardy,Castro,Male,2017-07-30,Single,Filipino,Catholic,+637727338858,jeffrey.castro@example.com,72,Bukid Street,Purok 9
1017,Sarah,Alexander,Harmon,Female,1978-06-21,Widowed,Filipino,Catholic,+632121620261,sarah.harmon@example.com,107,Bakakeng North Drive,Purok 9
1018,Joshua,Nichols,Avila,Male,1994-07-20,Married,Filipino,Christian,+639262739707,joshua.avila@example.com,315,Bakakeng Central Road,Purok 10
1019,Matthew,Jones,Daniels,Male,1953-06-24,Single,Filipino,Christian,+634627240740,matthew.daniels@example.com,128,Fr. Carlo Loop,Purok 6
1020,Jessica,Williams,Ward,Female,1984-05-18,Widowed,Filipino,Christian,+638396461417,jessica.ward@example.com,422,Lower Bakakeng Road,Purok 5
1021,Casey,Lewis,Charles,Male,2008-07-14,Married,Filipino,Catholic,+632353953277,casey.charles@example.com,180,Bakakeng Central Road,Purok 8
1022,Chelsea,Hall,Hart,Female,1948-08-09,Married,Filipino,Catholic,+638938398458,chelsea.hart@example.com,72,Gibraltar Road,Purok 3
1023,Vanessa,Neal,Harris,Female,2015-07-11,Single,Filipino,Christian,+635527966314,vanessa.harris@example.com,134,Tuba Road,Purok 2
1024,Dana,Hall,Johnson,Female,1997-09-28,Widowed,Filipino,Christian,+636297934712,dana.johnson@example.com,170,Lower Bakakeng Road,Purok 8
1025,Lisa,Mclaughlin,Griffin,Female,1928-10-18,Widowed,Filipino,Christian,+639745728171,lisa.griffin@example.com,90,Bakakeng North Drive,Purok 1
1026,Darryl,Harris,Burnett,Male,1970-03-04,Single,Filipino,Catholic,+639848476712,darryl.burnett@example.com,183,Bakakeng North Drive,Purok 6
1027,Patrick,Vega,Banks,Male,1936-06-13,Single,Filipino,Christian,+630699652636,patrick.banks@example.com,126,Camp 7 Road,Purok 4
1028,Amy,Greer,Knight,Female,1998-12-09,Widowed,Filipino,Christian,+637193361442,amy.knight@example.com,129,Saint Vincent Street,Purok 1
1029,Heather,Delgado,Williams,Female,2008-04-26,Widowed,Filipino,Christian,+637293060861,heather.williams@example.com,14,Bakakeng Central Road,Purok 2
1030,Mason,Wong,Long,Male,1998-05-03,Married,Filipino,Catholic,+636584591040,mason.long@example.com,300,Easter Road,Purok 8
1031,Christie,Underwood,Ellis,Female,1940-03-14,Single,Filipino,Catholic,+637480012148,christie.ellis@example.com,144,Easter Road,Purok 3
1032,Diane,Daniels,Larson,Female,1924-11-03,Widowed,Filipino,Christian,+639662290663,diane.larson@example.com,96,Saint Vincent Street,Purok 7
1033,John,Hansen,Diaz,Male,1958-01-01,Single,Filipino,Catholic,+638555732837,john.diaz@example.com,188,Angelo Salinas Street,Purok 3
1034,Amanda,Taylor,Williams,Female,1933-01-19,Married,Filipino,Catholic,+634191371525,amanda.williams@example.com,111,Bakakeng Road,Purok 7
1035,Lisa,Peterson,Barnes,Female,1928-09-30,Married,Filipino,Catholic,+632666256428,lisa.barnes@example.com,252,Bukid Street,Purok 6
1036,Beth,Snow,Ford,Female,1942-02-24,Single,Filipino,Christian,+635779100967,beth.ford@example.com,257,Bakakeng Central Road,Purok 2
1037,Pamela,Morgan,Wilson,Female,1996-01-28,Single,Filipino,Catholic,+638852162385,pamela.wilson@example.com,413,Bukid Street,Purok 8
1038,Joseph,Brown,Henry,Male,1987-09-16,Single,Filipino,Christian,+635126732642,joseph.henry@example.com,269,Easter Road,Purok 2
1039,Jane,Brown,Evans,Female,1994-01-02,Married,Filipino,Christian,+634697428549,jane.evans@example.com,394,Mulawin Street,Purok 7
1040,Carrie,Copeland,Porter,Female,1938-02-24,Married,Filipino,Catholic,+639703915087,carrie.porter@example.com,383,Bukid Street,Purok 2
1041,John,Cordova,Lee,Male,1928-04-11,Single,Filipino,Christian,+639547970344,john.lee@example.com,309,Lower Bakakeng Road,Purok 4
1042,Renee,Snow,Adams,Female,1941-01-11,Widowed,Filipino,Christian,+639110745579,renee.adams@example.com,249,Camp 7 Road,Purok 2
1043,Edward,Cooper,Fernandez,Male,2010-03-14,Single,Filipino,Christian,+632077561057,edward.fernandez@example.com,332,Lower Bakakeng Road,Purok 10
1044,Alan,Thompson,Elliott,Male,1927-12-28,Married,Filipino,Christian,+635263197623,alan.elliott@example.com,24,Bukid Street,Purok 7
1045,Alexander,Waller,Valdez,Male,1962-08-16,Single,Filipino,Christian,+633547258877,alexander.valdez@example.com,71,Gibraltar Road,Purok 5
1046,Monica,Taylor,Jenkins,Female,2011-05-14,Single,Filipino,Catholic,+636169041118,monica.jenkins@example.com,133,Lower Bakakeng Road,Purok 2
1047,Jerry,Allen,Pugh,Male,1998-03-14,Married,Filipino,Catholic,+638841853180,jerry.pugh@example.com,54,Montinola Subdivision,Purok 10
1048,Laurie,Robinson,Donovan,Female,2002-08-26,Married,Filipino,Christian,+633797315747,laurie.donovan@example.com,212,Bukid Street,Purok 1
1049,Edward,Contreras,Thomas,Male,1938-05-29,Married,Filipino,Catholic,+636648826065,edward.thomas@example.com,378,Montinola Subdivision,Purok 2
1050,Allison,Graves,Cobb,Female,1930-02-14,Single,Filipino,Catholic,+637764568716,allison.cobb@example.com,461,Easter Road,Purok 2
1051,Matthew,Williamson,Jacobson,Male,1952-04-06,Married,Filipino,Christian,+630330207898,matthew.jacobson@example.com,252,Fr. Carlo Loop,Purok 5
1052,Nancy,Key,Chase,Female,2012-12-29,Widowed,Filipino,Christian,+639534346556,nancy.chase@example.com,336,Saint Vincent Street,Purok 5
1053,Joseph,Cardenas,Norman,Male,1998-03-01,Single,Filipino,Catholic,+633289591362,joseph.norman@example.com,468,Bakakeng Central Road,Purok 5
1054,David,Stone,Tanner,Male,1949-05-19,Married,Filipino,Catholic,+632648523989,david.tanner@example.com,148,Lower Bakakeng Road,Purok 2
1055,Logan,Hardy,Caldwell,Male,1992-01-28,Single,Filipino,Christian,+639810893490,logan.caldwell@example.com,348,Bakakeng Road,Purok 3
1056,Vernon,Shah,Wood,Male,1958-10-14,Single,Filipino,Christian,+633624297768,vernon.wood@example.com,157,Bakakeng Central Road,Purok 4
1057,Sean,Lucero,Olsen,Male,1967-11-02,Married,Filipino,Catholic,+631940203366,sean.olsen@example.com,86,Bakakeng North Drive,Purok 2
1058,Frank,Nichols,Harris,Male,2019-01-30,Married,Filipino,Christian,+632562065665,frank.harris@example.com,461,Gibraltar Road,Purok 5
1059,Michelle,Cox,Martinez,Female,1983-12-24,Widowed,Filipino,Christian,+634599178482,michelle.martinez@example.com,47,Lower Bakakeng Road,Purok 1
1060,Christina,Dawson,Martin,Female,2014-05-15,Married,Filipino,Christian,+635791387541,christina.martin@example.com,82,Bakakeng North Drive,Purok 10
1061,Bobby,Shepherd,Moran,Male,1937-05-07,Married,Filipino,Catholic,+635990469091,bobby.moran@example.com,143,Camp 7 Road,Purok 2
1062,Kimberly,Wells,Reed,Female,1961-02-15,Married,Filipino,Christian,+634505965988,kimberly.reed@example.com,279,Bukid Street,Purok 1
1063,Belinda,Mahoney,Jones,Female,1946-03-24,Married,Filipino,Christian,+637774072420,belinda.jones@example.com,296,Mulawin Street,Purok 5
1064,Paul,Lowery,Anderson,Male,1978-03-12,Single,Filipino,Catholic,+634644499195,paul.anderson@example.com,172,Camp 7 Road,Purok 3
1065,Brian,Parks,Thompson,Male,2000-02-02,Single,Filipino,Christian,+635096078964,brian.thompson@example.com,2,Easter Road,Purok 3
1066,John,Shaffer,Simmons,Male,2019-12-06,Single,Filipino,Christian,+635280564386,john.simmons@example.com,491,Bakakeng Road,Purok 2
1067,Michael,Rangel,Richards,Male,1982-04-07,Married,Filipino,Christian,+636025144046,michael.richards@example.com,448,Camp 7 Road,Purok 3
1068,Samantha,Williams,Mcintosh,Female,2006-11-18,Married,Filipino,Catholic,+635684024207,samantha.mcintosh@example.com,423,Camp 7 Road,Purok 8
1069,Sharon,Day,Morgan,Female,1998-01-03,Widowed,Filipino,Catholic,+636450080464,sharon.morgan@example.com,91,Bukid Street,Purok 5
1070,Kaitlin,Owens,Edwards,Female,1938-01-17,Widowed,Filipino,Catholic,+635525823322,kaitlin.edwards@example.com,195,Mulawin Street,Purok 9
1071,Richard,Grant,Roberts,Male,1949-10-14,Single,Filipino,Christian,+632385945527,richard.roberts@example.com,368,Bakakeng Central Road,Purok 8
1072,Theresa,Williams,Howard,Female,1970-11-01,Widowed,Filipino,Catholic,+633055996092,theresa.howard@example.com,347,Montinola Subdivision,Purok 3
1073,Edwin,Ball,Soto,Male,2004-01-22,Married,Filipino,Catholic,+632879129306,edwin.soto@example.com,141,Bukid Street,Purok 1
1074,Jimmy,Griffith,Jacobson,Male,1980-11-04,Single,Filipino,Christian,+638811606907,jimmy.jacobson@example.com,88,Fr. Carlo Loop,Purok 6
1075,Dylan,Dalton,Peterson,Male,1944-04-09,Single,Filipino,Catholic,+631850643318,dylan.peterson@example.com,353,Saint Vincent Street,Purok 9
1076,Lauren,Perkins,Miller,Female,1953-06-24,Single,Filipino,Catholic,+636200764595,lauren.miller@example.com,305,Easter Road,Purok 4
1077,Angela,Byrd,Holder,Female,2009-09-18,Married,Filipino,Catholic,+631850660129,angela.holder@example.com,482,Bakakeng Road,Purok 10
1078,Randall,Lopez,Knight,Male,2008-07-08,Married,Filipino,Catholic,+638351065731,randall.knight@example.com,407,Easter Road,Purok 8
1079,Kelly,Cordova,Rose,Female,1947-12-23,Married,Filipino,Christian,+638721099753,kelly.rose@example.com,436,Angelo Salinas Street,Purok 4
1080,Michelle,Roberts,Green,Female,1965-10-27,Married,Filipino,Catholic,+636559372424,michelle.green@example.com,263,Bakakeng Central Road,Purok 9
1081,David,Reynolds,Wells,Male,2009-05-03,Single,Filipino,Catholic,+634143163069,david.wells@example.com,136,Tuba Road,Purok 8
1082,Shelly,Lewis,English,Female,1929-06-05,Widowed,Filipino,Catholic,+635204060722,shelly.english@example.com,25,Lower Bakakeng Road,Purok 1
1083,Jeffery,Nguyen,Owens,Male,1992-06-02,Single,Filipino,Christian,+639737311672,jeffery.owens@example.com,366,Bukid Street,Purok 8
1084,Emily,Smith,Stewart,Female,1977-06-01,Married,Filipino,Catholic,+636904028694,emily.stewart@example.com,495,Bakakeng North Drive,Purok 6
1085,Kristin,Edwards,Mccoy,Female,1986-03-14,Married,Filipino,Catholic,+630068067002,kristin.mccoy@example.com,426,Bakakeng North Drive,Purok 3
1086,Sarah,Johnson,Harrington,Female,1971-09-25,Widowed,Filipino,Catholic,+637884370723,sarah.harrington@example.com,89,Tuba Road,Purok 5
1087,Madison,Butler,Lopez,Female,1989-03-22,Widowed,Filipino,Christian,+638253785955,madison.lopez@example.com,392,Lower Bakakeng Road,Purok 10
1088,Joshua,Duran,Lam,Male,1967-07-04,Single,Filipino,Catholic,+633046991578,joshua.lam@example.com,54,Easter Road,Purok 6
1089,Heather,Reyes,Webb,Female,1988-04-29,Widowed,Filipino,Catholic,+639687464901,heather.webb@example.com,63,Bukid Street,Purok 10
1090,Jennifer,Willis,Thompson,Female,1938-01-31,Single,Filipino,Catholic,+630412907831,jennifer.thompson@example.com,231,Fr. Carlo Loop,Purok 10
1091,Stephanie,Tanner,Orozco,Female,1980-12-25,Widowed,Filipino,Christian,+638335813213,stephanie.orozco@example.com,465,Tuba Road,Purok 9
1092,Eric,Jones,Rivera,Male,1960-11-27,Single,Filipino,Catholic,+634975792630,eric.rivera@example.com,425,Tuba Road,Purok 10
1093,Vincent,Kaiser,Kramer,Male,1953-11-26,Single,Filipino,Catholic,+637265876703,vincent.kramer@example.com,245,Mulawin Street,Purok 3
1094,Michael,Stevenson,Ross,Male,2020-07-27,Married,Filipino,Christian,+635930502874,michael.ross@example.com,157,Saint Vincent Street,Purok 1
1095,Darrell,Howe,Moore,Male,1943-12-20,Married,Filipino,Christian,+631580216761,darrell.moore@example.com,239,Montinola Subdivision,Purok 7
1096,Joshua,Jordan,Taylor,Male,1982-08-22,Married,Filipino,Catholic,+631284277324,joshua.taylor@example.com,200,Camp 7 Road,Purok 2
1097,Brett,Cunningham,Lee,Male,2008-08-28,Married,Filipino,Catholic,+631009995066,brett.lee@example.com,486,Lower Bakakeng Road,Purok 1
1098,Becky,Gordon,Davenport,Female,1983-05-13,Married,Filipino,Christian,+630268772826,becky.davenport@example.com,313,Camp 7 Road,Purok 3
1099,Sandra,Bates,Jones,Female,2000-10-20,Widowed,Filipino,Catholic,+631451762416,sandra.jones@example.com,174,Bakakeng Central Road,Purok 6
1100,Daniel,Banks,Moore,Male,1996-04-01,Married,Filipino,Catholic,+638484286257,daniel.moore@example.com,453,Green Valley Street,Purok 8
1101,Alfred Christian Emmanuel,Zabat,Ngaosi,Male,1996-04-01,Married,Filipino,Catholic,+638484286257,daniel.moore@example.com,453,Green Valley Street,Purok 8
